[
  {
    "name": "Provincie Zuid-Holland",
    "slug": "provincie-zuid-holland",
    "count": 68
  },
  {
    "name": "Provincie Noord-Brabant",
    "slug": "provincie-noord-brabant",
    "count": 63
  },
  {
    "name": "Helmond",
    "slug": "helmond",
    "count": 59
  },
  {
    "name": "Apeldoorn",
    "slug": "apeldoorn",
    "count": 55
  },
  {
    "name": "Enschede",
    "slug": "enschede",
    "count": 50
  },
  {
    "name": "Almere",
    "slug": "almere",
    "count": 48
  },
  {
    "name": "Deventer",
    "slug": "deventer",
    "count": 48
  },
  {
    "name": "Zwolle",
    "slug": "zwolle",
    "count": 48
  },
  {
    "name": "Breda",
    "slug": "breda",
    "count": 46
  },
  {
    "name": "Delft",
    "slug": "delft",
    "count": 44
  },
  {
    "name": "s-Hertogenbosch",
    "slug": "s-hertogenbosch",
    "count": 44
  },
  {
    "name": "Provincie Utrecht",
    "slug": "provincie-utrecht",
    "count": 43
  },
  {
    "name": "Almelo",
    "slug": "almelo",
    "count": 41
  },
  {
    "name": "Rotterdam",
    "slug": "rotterdam",
    "count": 41
  },
  {
    "name": "Tilburg",
    "slug": "tilburg",
    "count": 41
  },
  {
    "name": "Hengelo",
    "slug": "hengelo",
    "count": 33
  },
  {
    "name": "Amersfoort",
    "slug": "amersfoort",
    "count": 30
  },
  {
    "name": "Leeuwarden",
    "slug": "leeuwarden",
    "count": 28
  },
  {
    "name": "Alphen aan den Rijn",
    "slug": "alphen-aan-den-rijn",
    "count": 24
  },
  {
    "name": "Nijmegen",
    "slug": "nijmegen",
    "count": 24
  },
  {
    "name": "Provincie Gelderland",
    "slug": "provincie-gelderland",
    "count": 22
  },
  {
    "name": "Venlo",
    "slug": "venlo",
    "count": 20
  },
  {
    "name": "Rijswijk",
    "slug": "rijswijk",
    "count": 19
  },
  {
    "name": "Provincie Overijssel",
    "slug": "provincie-overijssel",
    "count": 18
  },
  {
    "name": "Amstelveen",
    "slug": "amstelveen",
    "count": 16
  },
  {
    "name": "Leidschendam-Voorburg",
    "slug": "leidschendam-voorburg",
    "count": 13
  },
  {
    "name": "Provincie Zeeland",
    "slug": "provincie-zeeland",
    "count": 13
  },
  {
    "name": "Eindhoven",
    "slug": "eindhoven",
    "count": 12
  },
  {
    "name": "Groningen",
    "slug": "groningen",
    "count": 12
  },
  {
    "name": "Den Haag",
    "slug": "den-haag",
    "count": 11
  },
  {
    "name": "Maastricht",
    "slug": "maastricht",
    "count": 10
  },
  {
    "name": "Nissewaard",
    "slug": "nissewaard",
    "count": 10
  },
  {
    "name": "Provincie Limburg",
    "slug": "provincie-limburg",
    "count": 10
  },
  {
    "name": "Capelle aan den IJssel",
    "slug": "capelle-aan-den-ijssel",
    "count": 9
  },
  {
    "name": "Wassenaar",
    "slug": "wassenaar",
    "count": 9
  },
  {
    "name": "RWS West-Nederland Zuid District Noord",
    "slug": "rws-west-nederland-zuid-district-noord",
    "count": 8
  },
  {
    "name": "Zeist",
    "slug": "zeist",
    "count": 8
  },
  {
    "name": "Zoetermeer",
    "slug": "zoetermeer",
    "count": 8
  },
  {
    "name": "Haarlemmermeer",
    "slug": "haarlemmermeer",
    "count": 7
  },
  {
    "name": "Arnhem",
    "slug": "arnhem",
    "count": 6
  },
  {
    "name": "Dordrecht",
    "slug": "dordrecht",
    "count": 6
  },
  {
    "name": "Nieuwegein",
    "slug": "nieuwegein",
    "count": 6
  },
  {
    "name": "Port of Moerdijk",
    "slug": "port-of-moerdijk",
    "count": 6
  },
  {
    "name": "Emmen",
    "slug": "emmen",
    "count": 5
  },
  {
    "name": "Hilversum",
    "slug": "hilversum",
    "count": 5
  },
  {
    "name": "Provincie Groningen",
    "slug": "provincie-groningen",
    "count": 5
  },
  {
    "name": "Soest",
    "slug": "soest",
    "count": 5
  },
  {
    "name": "Woerden",
    "slug": "woerden",
    "count": 5
  },
  {
    "name": "Gouda",
    "slug": "gouda",
    "count": 4
  },
  {
    "name": "Utrecht",
    "slug": "utrecht",
    "count": 4
  },
  {
    "name": "Vlaardingen",
    "slug": "vlaardingen",
    "count": 4
  },
  {
    "name": "Leiden",
    "slug": "leiden",
    "count": 3
  },
  {
    "name": "Leusden",
    "slug": "leusden",
    "count": 3
  },
  {
    "name": "RWS Zee en Delta District Noord",
    "slug": "rws-zee-en-delta-district-noord",
    "count": 3
  },
  {
    "name": "RWS Zuid-Nederland District Midden",
    "slug": "rws-zuid-nederland-district-midden",
    "count": 3
  },
  {
    "name": "Velsen",
    "slug": "velsen",
    "count": 3
  },
  {
    "name": "Westland",
    "slug": "westland",
    "count": 3
  },
  {
    "name": "Pijnacker-Nootdorp",
    "slug": "pijnacker-nootdorp",
    "count": 2
  },
  {
    "name": "Provincie Drenthe",
    "slug": "provincie-drenthe",
    "count": 2
  },
  {
    "name": "RWS Zuid-Nederland District West",
    "slug": "rws-zuid-nederland-district-west",
    "count": 2
  },
  {
    "name": "Rheden",
    "slug": "rheden",
    "count": 2
  },
  {
    "name": "Veldhoven",
    "slug": "veldhoven",
    "count": 2
  },
  {
    "name": "Waalre",
    "slug": "waalre",
    "count": 2
  },
  {
    "name": "Zaanstad",
    "slug": "zaanstad",
    "count": 2
  },
  {
    "name": "Alkmaar",
    "slug": "alkmaar",
    "count": 1
  },
  {
    "name": "Oosterhout",
    "slug": "oosterhout",
    "count": 1
  },
  {
    "name": "RWS Oost-Nederland District Noord",
    "slug": "rws-oost-nederland-district-noord",
    "count": 1
  },
  {
    "name": "RWS Oost-Nederland District Zuid",
    "slug": "rws-oost-nederland-district-zuid",
    "count": 1
  },
  {
    "name": "Schiedam",
    "slug": "schiedam",
    "count": 1
  },
  {
    "name": "Terneuzen",
    "slug": "terneuzen",
    "count": 1
  },
  {
    "name": "Teylingen",
    "slug": "teylingen",
    "count": 1
  },
  {
    "name": "Valkenswaard",
    "slug": "valkenswaard",
    "count": 1
  },
  {
    "name": "Zutphen",
    "slug": "zutphen",
    "count": 1
  }
]